pdb_id,task,dataset,checkpoint,predicted_score,label
2cmr_HL_A,antibody,sabdab,model.antibody.allatom,-5499.36328125,-10.301029995663981
3ifp_AB_Q,antibody,sabdab,model.antibody.allatom,-1421.88134765625,-7.610833915635467
3iet_DC_Q,antibody,sabdab,model.antibody.allatom,-906.04638671875,-6.853871964321762
5whk_HL_AB,antibody,sabdab,model.antibody.allatom,-5048.158203125,-8.742321425130816
5jhl_HL_A,antibody,sabdab,model.antibody.allatom,-3220.223388671875,-8.568636235841012
6aod_BA_C,antibody,sabdab,model.antibody.allatom,-4194.1484375,-9.790484985457368
6ddr_BA_C,antibody,sabdab,model.antibody.allatom,-5635.3037109375,-9.0268721464003
4r8w_HL_BA,antibody,sabdab,model.antibody.allatom,-3866.80859375,-9.73754891026957
5tkk_HL_A,antibody,sabdab,model.antibody.allatom,-1137.8612060546875,-8.276544327964814
5e8e_BA_H,antibody,sabdab,model.antibody.allatom,-3983.23876953125,-8.744727494896694
3p0y_HL_A,antibody,sabdab,model.antibody.allatom,-5039.17138671875,-8.71669877129645
6f7t_HL_C,antibody,sabdab,model.antibody.allatom,-2153.315185546875,-9.443697499232712
3vg9_CB_A,antibody,sabdab,model.antibody.allatom,-4866.5029296875,-8.356547323513812
5mes_HL_A,antibody,sabdab,model.antibody.allatom,-4700.4609375,-6.468521082957745
5d71_HL_A,antibody,sabdab,model.antibody.allatom,-4449.4423828125,-10.187086643357144
5myx_BA_E,antibody,sabdab,model.antibody.allatom,-2039.2020263671875,-8.164309428507574
3ifl_HL_P,antibody,sabdab,model.antibody.allatom,-1390.3046875,-8.075720713938118
1yy9_DC_A,antibody,sabdab,model.antibody.allatom,-5055.83203125,-8.638272163982407
5cd5_CD_A,antibody,sabdab,model.antibody.allatom,-3973.11279296875,-6.539102157243452
2hfg_HL_R,antibody,sabdab,model.antibody.allatom,-3526.935302734375,-9.221848749616356
2r0z_HL_Q,antibody,sabdab,model.antibody.allatom,-1424.1258544921875,-5.468521082957745
4ybl_BC_A,antibody,sabdab,model.antibody.allatom,-5239.65478515625,-9.769551078621726
4m8q_AB_S,antibody,sabdab,model.antibody.allatom,-4650.4072265625,-8.402304814074487
5gzo_CD_B,antibody,sabdab,model.antibody.allatom,-5173.8857421875,-6.786216700664696
6blh_HL_G,antibody,sabdab,model.antibody.allatom,-3935.67041015625,-8.387216143280265
2ny2_DC_A,antibody,sabdab,model.antibody.allatom,-4246.18115234375,-6.910094888560602
3l5y_HL_A,antibody,sabdab,model.antibody.allatom,-4245.42529296875,-11.244125144327509
4al8_HL_C,antibody,sabdab,model.antibody.allatom,-3772.940185546875,-9.346787486224656
4rdq_ML_C,antibody,sabdab,model.antibody.allatom,-3229.758056640625,-7.823908740944319
6ii4_EF_C,antibody,sabdab,model.antibody.allatom,-5386.4267578125,-7.779891911959945
3rkd_HL_A,antibody,sabdab,model.antibody.allatom,-5364.330078125,-8.229884705212898
3nh7_KO_D,antibody,sabdab,model.antibody.allatom,-5349.63525390625,-7.698970004336019
2ny1_DC_A,antibody,sabdab,model.antibody.allatom,-4288.7734375,-6.694648630553377
5kn5_DE_F,antibody,sabdab,model.antibody.allatom,-4289.84814453125,-9.991399828238082
5i5k_HL_B,antibody,sabdab,model.antibody.allatom,-5118.39501953125,-10.75448733218585
3eo1_BA_C,antibody,sabdab,model.antibody.allatom,-4144.3427734375,-9.602059991327963
4mhh_HL_E,antibody,sabdab,model.antibody.allatom,-5543.58544921875,-9.045757490560675
1hh6_BA_C,antibody,sabdab,model.antibody.allatom,-1592.6097412109375,-7.0
2vxq_HL_A,antibody,sabdab,model.antibody.allatom,-5954.146484375,-9.958607314841775
4dgi_HL_A,antibody,sabdab,model.antibody.allatom,-4697.48681640625,-6.346787486224656
5c0n_HL_A,antibody,sabdab,model.antibody.allatom,-4023.913330078125,-5.384049948343599
3ggw_BA_E,antibody,sabdab,model.antibody.allatom,-2356.78515625,-5.5376020021010435
3l95_BA_X,antibody,sabdab,model.antibody.allatom,-5126.52294921875,-8.602059991327963
6flb_HL_G,antibody,sabdab,model.antibody.allatom,-5311.03955078125,-9.0
5yhl_HL_A,antibody,sabdab,model.antibody.allatom,-5188.6923828125,-7.7447274948966935
5w08_OP_E,antibody,sabdab,model.antibody.allatom,-4618.64208984375,-7.3979400086720375
3a6b_HL_Y,antibody,sabdab,model.antibody.allatom,-5154.30419921875,-6.966576244513051
4k94_HL_CC,antibody,sabdab,model.antibody.allatom,-5663.27294921875,-9.200659450546418
5myo_BA_E,antibody,sabdab,model.antibody.allatom,-1834.811279296875,-10.53313237964589
4k9e_HL_C,antibody,sabdab,model.antibody.allatom,-5836.21728515625,-11.193820026016112
2hrp_NM_Q,antibody,sabdab,model.antibody.allatom,-1869.9517822265625,-8.301029995663981
5t29_HL_O,antibody,sabdab,model.antibody.allatom,-5196.228515625,-9.421360790031928
4xh2_GI_g,antibody,sabdab,model.antibody.allatom,-1972.7198486328125,-8.221848749616356
2mpa_HL_P,antibody,sabdab,model.antibody.allatom,-1570.736572265625,-8.040958607678906
6df2_BA_C,antibody,sabdab,model.antibody.allatom,-547.0916748046875,-7.242603971206976
4wht_GH_g,antibody,sabdab,model.antibody.allatom,-1786.06201171875,-8.102372908709558
6e63_HL_P,antibody,sabdab,model.antibody.allatom,-5052.490234375,-8.431798275933005
1fsk_FE_D,antibody,sabdab,model.antibody.allatom,-5686.544921875,-9.619788758288394
2y36_HL_P,antibody,sabdab,model.antibody.allatom,-1416.49365234375,-6.42021640338319
3ve0_AB_JJI,antibody,sabdab,model.antibody.allatom,-4418.2099609375,-5.7121982700697735
1yyl_RQ_P,antibody,sabdab,model.antibody.allatom,-4214.25244140625,-8.397940008672037
5j13_CB_A,antibody,sabdab,model.antibody.allatom,-4251.04296875,-10.221848749616356
1i8i_BA_C,antibody,sabdab,model.antibody.allatom,-1436.040771484375,-7.657577319177793
5zxv_CD_B,antibody,sabdab,model.antibody.allatom,-3934.509521484375,-7.239577516576788
5kzp_FJ_C,antibody,sabdab,model.antibody.allatom,-2353.986083984375,-7.154901959985743
1hh9_BA_C,antibody,sabdab,model.antibody.allatom,-1501.569580078125,-5.0
3gjf_MK_DF,antibody,sabdab,model.antibody.allatom,-5776.140625,-7.200659450546418
5hdq_HL_A,antibody,sabdab,model.antibody.allatom,-5147.361328125,-8.920818753952375
2zpk_HL_P,antibody,sabdab,model.antibody.allatom,-1099.665771484375,-5.8326826652518236
6bf4_HL_G,antibody,sabdab,model.antibody.allatom,-2453.3349609375,-6.749579997691106
3lev_HL_A,antibody,sabdab,model.antibody.allatom,-5026.22900390625,-9.221848749616356
5xxy_HL_A,antibody,sabdab,model.antibody.allatom,-5316.33056640625,-8.001740661576301
4krp_DC_A,antibody,sabdab,model.antibody.allatom,-5075.80810546875,-6.779891911959945
5do2_CD_B,antibody,sabdab,model.antibody.allatom,-5462.36083984375,-6.790484985457369
3u0t_DC_E,antibody,sabdab,model.antibody.allatom,-1485.301513671875,-9.522878745280337
3pp4_HL_P,antibody,sabdab,model.antibody.allatom,-2752.73779296875,-5.154901959985743
3fn0_HL_P,antibody,sabdab,model.antibody.allatom,-1577.4195556640625,-4.3979400086720375
4liq_HL_E,antibody,sabdab,model.antibody.allatom,-4078.763916015625,-9.698970004336019
2nyy_DC_A,antibody,sabdab,model.antibody.allatom,-5843.1376953125,-11.605548319173783
5yoy_RO_J,antibody,sabdab,model.antibody.allatom,-5627.173828125,-10.744727494896694
1eo8_HL_A,antibody,sabdab,model.antibody.allatom,-3557.39013671875,-8.050609993355087
3p11_HL_A,antibody,sabdab,model.antibody.allatom,-5331.3603515625,-8.593459819566045
3a67_HL_Y,antibody,sabdab,model.antibody.allatom,-5159.3486328125,-8.250263684430939
4u6h_AB_E,antibody,sabdab,model.antibody.allatom,-5125.1474609375,-10.040958607678906
5zia_AB_C,antibody,sabdab,model.antibody.allatom,-1472.8829345703125,-6.522878745280337
3dvg_BA_YX,antibody,sabdab,model.antibody.allatom,-4937.28759765625,-8.060480747381382
4py8_IJ_BA,antibody,sabdab,model.antibody.allatom,-4023.432861328125,-9.0
2y6s_DC_P,antibody,sabdab,model.antibody.allatom,-2081.6220703125,-6.987162775294828
3n85_HL_A,antibody,sabdab,model.antibody.allatom,-6057.6494140625,-9.102372908709558
5t6l_HL_I,antibody,sabdab,model.antibody.allatom,-5275.73046875,-10.54515513999149
2jel_HL_P,antibody,sabdab,model.antibody.allatom,-5251.14501953125,-8.431798275933005
6b5r_HL_A,antibody,sabdab,model.antibody.allatom,-1956.10791015625,-8.772113295386326
3eyf_DC_F,antibody,sabdab,model.antibody.allatom,-1699.878173828125,-7.026872146400302
3t2n_IM_B,antibody,sabdab,model.antibody.allatom,-4823.22412109375,-7.400116927926312
6bkc_HL_E,antibody,sabdab,model.antibody.allatom,-4525.85791015625,-9.096910013008056
5kve_HL_E,antibody,sabdab,model.antibody.allatom,-5210.3759765625,-7.455931955649724
5dyo_AB_H,antibody,sabdab,model.antibody.allatom,-1799.20263671875,-10.214670164989233
5wtt_AB_C,antibody,sabdab,model.antibody.allatom,-1293.97509765625,-6.6020599913279625
6cwt_AB_E,antibody,sabdab,model.antibody.allatom,-4596.09130859375,-11.698970004336019
5c7x_MN_B,antibody,sabdab,model.antibody.allatom,-5522.8076171875,-12.397940008672037
4gxu_MN_A,antibody,sabdab,model.antibody.allatom,-4726.7705078125,-8.204815410317575
5otj_BA_D,antibody,sabdab,model.antibody.allatom,-5430.04931640625,-9.769551078621726
4xh2_AB_a,antibody,sabdab,model.antibody.allatom,-2236.76171875,-8.221848749616356
5cin_HL_P,antibody,sabdab,model.antibody.allatom,-2600.969482421875,-7.7447274948966935
2dd8_HL_S,antibody,sabdab,model.antibody.allatom,-4884.22509765625,-7.698970004336019
4zfg_HL_A,antibody,sabdab,model.antibody.allatom,-4061.672119140625,-8.301029995663981
4idj_HL_A,antibody,sabdab,model.antibody.allatom,-4938.13134765625,-11.769551078621726
4fqv_HL_BA,antibody,sabdab,model.antibody.allatom,-4061.795166015625,-8.958607314841775
3eoa_HL_I,antibody,sabdab,model.antibody.allatom,-4655.205078125,-8.657577319177793
3h42_HL_BA,antibody,sabdab,model.antibody.allatom,-4521.1552734375,-11.397940008672037
5myx_DC_F,antibody,sabdab,model.antibody.allatom,-2212.819091796875,-8.164309428507574
5xj3_GH_I,antibody,sabdab,model.antibody.allatom,-4864.421875,-7.739928612014925
3hi6_XY_B,antibody,sabdab,model.antibody.allatom,-5374.6318359375,-5.327902142064283
5ngv_HL_A,antibody,sabdab,model.antibody.allatom,-5178.146484375,-10.795880017344075
1p2c_ED_F,antibody,sabdab,model.antibody.allatom,-5027.275390625,-10.008773924307505
5nh3_IM_B,antibody,sabdab,model.antibody.allatom,-4835.33544921875,-9.011887159731648
5vyf_BA_C,antibody,sabdab,model.antibody.allatom,-5083.52001953125,-9.7281583934635
5u7o_DE_B,antibody,sabdab,model.antibody.allatom,-3022.777099609375,-7.136677139879544
4ybl_HL_G,antibody,sabdab,model.antibody.allatom,-5162.919921875,-9.769551078621726
4jpk_HL_A,antibody,sabdab,model.antibody.allatom,-4128.126953125,-7.356547323513812
4cni_HL_C,antibody,sabdab,model.antibody.allatom,-5281.73486328125,-11.0
2bdn_HL_A,antibody,sabdab,model.antibody.allatom,-4792.7578125,-11.337242168318426
3ma9_HL_A,antibody,sabdab,model.antibody.allatom,-5814.87451171875,-8.0
5d72_HL_A,antibody,sabdab,model.antibody.allatom,-5592.39599609375,-11.221848749616356
4qyo_AB_Q,antibody,sabdab,model.antibody.allatom,-1593.42333984375,-8.221848749616356
4zfo_AB_F,antibody,sabdab,model.antibody.allatom,-3356.7890625,-10.67778070526608
4np4_IM_A,antibody,sabdab,model.antibody.allatom,-5290.28564453125,-10.721246399047171
4jg1_HL_P,antibody,sabdab,model.antibody.allatom,-1314.4853515625,-6.634512015109101
1fe8_HL_A,antibody,sabdab,model.antibody.allatom,-4880.86865234375,-5.698970004336019
5vpl_DC_A,antibody,sabdab,model.antibody.allatom,-4746.16064453125,-7.769551078621726
1p4b_HL_P,antibody,sabdab,model.antibody.allatom,-1958.91064453125,-10.397940008672037
2i60_RQ_P,antibody,sabdab,model.antibody.allatom,-4127.78125,-8.204815410317575
6cdm_AB_C,antibody,sabdab,model.antibody.allatom,-892.6910400390625,-9.094204119632131
5y11_AB_C,antibody,sabdab,model.antibody.allatom,-4654.9833984375,-7.586700235918748
2r56_HL_A,antibody,sabdab,model.antibody.allatom,-5292.74072265625,-8.886056647693163
2ny6_DC_A,antibody,sabdab,model.antibody.allatom,-4235.45751953125,-7.732828271596986
6mhr_DE_F,antibody,sabdab,model.antibody.allatom,-3611.90869140625,-7.657577319177793
2w9e_HL_A,antibody,sabdab,model.antibody.allatom,-5121.3603515625,-10.0
5tfw_HL_O,antibody,sabdab,model.antibody.allatom,-5324.78515625,-10.785156151952302
4wuu_ED_AC,antibody,sabdab,model.antibody.allatom,-5863.3798828125,-7.87942606879415
4jlr_HL_S,antibody,sabdab,model.antibody.allatom,-4645.650390625,-10.52432881167557
4j8r_BA_I,antibody,sabdab,model.antibody.allatom,-1327.50927734375,-7.698970004336019
6d6u_KL_D,antibody,sabdab,model.antibody.allatom,-4485.98779296875,-8.214670164989233
3rvw_DC_A,antibody,sabdab,model.antibody.allatom,-4581.57080078125,-7.721246399047171
5xj4_HL_A,antibody,sabdab,model.antibody.allatom,-5501.34912109375,-9.175874166083451
4ypg_HL_D,antibody,sabdab,model.antibody.allatom,-5523.1845703125,-10.356547323513812
2ny4_DC_A,antibody,sabdab,model.antibody.allatom,-4315.1533203125,-6.354577730650908
5bk1_CD_B,antibody,sabdab,model.antibody.allatom,-4357.896484375,-8.958607314841775
6ddm_BA_C,antibody,sabdab,model.antibody.allatom,-5045.22216796875,-9.3767507096021
5u7m_DE_B,antibody,sabdab,model.antibody.allatom,-3007.50390625,-6.7447274948966935
3sqo_HL_A,antibody,sabdab,model.antibody.allatom,-4702.11669921875,-11.301029995663981
4wy7_HL_P,antibody,sabdab,model.antibody.allatom,-2748.569580078125,-6.777283528852417
4m5z_HL_A,antibody,sabdab,model.antibody.allatom,-4567.814453125,-8.301029995663981
1nsn_HL_S,antibody,sabdab,model.antibody.allatom,-4801.01220703125,-10.0
4i3r_HL_G,antibody,sabdab,model.antibody.allatom,-3989.207763671875,-7.924453038607469
3lqa_HL_GC,antibody,sabdab,model.antibody.allatom,-4474.27734375,-5.795880017344075
1e6j_HL_P,antibody,sabdab,model.antibody.allatom,-4495.69091796875,-7.5376020021010435
1i8k_BA_C,antibody,sabdab,model.antibody.allatom,-1636.746337890625,-7.657577319177793
3g5v_BA_C,antibody,sabdab,model.antibody.allatom,-2099.099365234375,-7.070581074285707
3l5w_HL_I,antibody,sabdab,model.antibody.allatom,-4268.658203125,-10.267606240177031
3skj_IM_F,antibody,sabdab,model.antibody.allatom,-5046.85546875,-9.09151498112135
6ii9_HL_A,antibody,sabdab,model.antibody.allatom,-4454.5859375,-7.7121982700697735
4k2u_HL_A,antibody,sabdab,model.antibody.allatom,-4827.8603515625,-10.8153085691824
4hlz_IJ_DC,antibody,sabdab,model.antibody.allatom,-4790.6318359375,-8.698970004336019
4ps4_HL_A,antibody,sabdab,model.antibody.allatom,-4074.445556640625,-11.244125144327509
3lhp_HL_S,antibody,sabdab,model.antibody.allatom,-4874.79736328125,-11.1249387366083
5cjq_HL_BA,antibody,sabdab,model.antibody.allatom,-4592.7724609375,-9.301029995663981
4xgz_OP_o,antibody,sabdab,model.antibody.allatom,-1967.834716796875,-7.619788758288394
2nxz_DC_A,antibody,sabdab,model.antibody.allatom,-4328.8515625,-6.276544327964814
2ny0_DC_A,antibody,sabdab,model.antibody.allatom,-4249.7822265625,-6.634512015109101
3kr3_HL_D,antibody,sabdab,model.antibody.allatom,-5078.4306640625,-10.309803919971486
5csz_HL_D,antibody,sabdab,model.antibody.allatom,-1724.6640625,-7.769551078621726
5d1x_BA_E,antibody,sabdab,model.antibody.allatom,-5027.93115234375,-10.67778070526608
3q1s_HL_I,antibody,sabdab,model.antibody.allatom,-3953.044189453125,-7.136677139879544
1qfu_HL_A,antibody,sabdab,model.antibody.allatom,-4476.138671875,-8.522878745280337
5kzp_HL_A,antibody,sabdab,model.antibody.allatom,-2394.31884765625,-7.154901959985743
6mft_HL_G,antibody,sabdab,model.antibody.allatom,-3896.617919921875,-5.638272163982407
2wub_HL_A,antibody,sabdab,model.antibody.allatom,-5312.3388671875,-6.823908740944319
6bli_DE_F,antibody,sabdab,model.antibody.allatom,-4168.2783203125,-9.2839966563652
4gms_JN_E,antibody,sabdab,model.antibody.allatom,-4803.06005859375,-7.698970004336019
4zs7_HL_A,antibody,sabdab,model.antibody.allatom,-5501.0009765625,-10.67778070526608
6ii8_JK_E,antibody,sabdab,model.antibody.allatom,-3755.371826171875,-6.413412695328245
2b2x_HL_A,antibody,sabdab,model.antibody.allatom,-5025.78076171875,-8.76447155309245
4m1d_IM_Q,antibody,sabdab,model.antibody.allatom,-2565.6982421875,-7.638272163982407
6b0a_HL_A,antibody,sabdab,model.antibody.allatom,-5277.31689453125,-8.431798275933005
1nby_BA_C,antibody,sabdab,model.antibody.allatom,-4896.30712890625,-4.041436116778033
3r1g_HL_B,antibody,sabdab,model.antibody.allatom,-4715.47265625,-8.886056647693163
5dwu_HL_AB,antibody,sabdab,model.antibody.allatom,-4901.5302734375,-7.309803919971486
4g3y_HL_C,antibody,sabdab,model.antibody.allatom,-6194.03173828125,-8.060480747381382
1qfw_IM_B,antibody,sabdab,model.antibody.allatom,-3584.602294921875,-8.0
2a6k_HL_P,antibody,sabdab,model.antibody.allatom,-1505.6297607421875,-6.6777807052660805
2xzq_HL_P,antibody,sabdab,model.antibody.allatom,-1350.799072265625,-6.585026652029182
4why_GH_D,antibody,sabdab,model.antibody.allatom,-1696.49609375,-8.102372908709558
5vpg_DC_A,antibody,sabdab,model.antibody.allatom,-4582.2509765625,-7.721246399047171
1nma_HL_N,antibody,sabdab,model.antibody.allatom,-4580.69287109375,-7.853871964321762
2ny5_HL_G,antibody,sabdab,model.antibody.allatom,-4247.46826171875,-6.496209316942819
4zfo_HL_K,antibody,sabdab,model.antibody.allatom,-3402.4541015625,-10.67778070526608
4n9g_EF_D,antibody,sabdab,model.antibody.allatom,-3697.896484375,-9.48678239993206
4uu9_AB_C,antibody,sabdab,model.antibody.allatom,-3731.025634765625,-10.853871964321762
2hkf_HL_P,antibody,sabdab,model.antibody.allatom,-1432.42822265625,-6.508638306165727
2y07_HL_P,antibody,sabdab,model.antibody.allatom,-1237.370361328125,-6.221848749616356
3c09_HL_D,antibody,sabdab,model.antibody.allatom,-5016.5048828125,-7.366531544420414
4d9r_HL_A,antibody,sabdab,model.antibody.allatom,-4680.6806640625,-11.397940008672037
4gms_IM_C,antibody,sabdab,model.antibody.allatom,-4818.78662109375,-7.698970004336019
5w06_HL_T,antibody,sabdab,model.antibody.allatom,-6097.17822265625,-9.853871964321762
1jps_HL_T,antibody,sabdab,model.antibody.allatom,-5657.2822265625,-10.0
2a6d_BA_P,antibody,sabdab,model.antibody.allatom,-1563.2548828125,-6.823908740944319
3ixt_AB_C,antibody,sabdab,model.antibody.allatom,-3333.337646484375,-6.617982957425132
3lh2_JN_U,antibody,sabdab,model.antibody.allatom,-3890.515380859375,-8.2518119729938
1pz5_BA_C,antibody,sabdab,model.antibody.allatom,-1557.9061279296875,-5.3979400086720375
1tzi_BA_V,antibody,sabdab,model.antibody.allatom,-2271.869140625,-8.0
3a6c_HL_Y,antibody,sabdab,model.antibody.allatom,-5190.29638671875,-8.146301788223825
6d6t_KL_D,antibody,sabdab,model.antibody.allatom,-4504.07373046875,-8.214670164989233
4hkx_AB_E,antibody,sabdab,model.antibody.allatom,-5046.935546875,-6.443697499232713
2fjg_HL_W,antibody,sabdab,model.antibody.allatom,-3594.365234375,-7.698970004336019
5kzp_EI_B,antibody,sabdab,model.antibody.allatom,-2278.785400390625,-7.154901959985743
4xh2_EF_e,antibody,sabdab,model.antibody.allatom,-2344.8857421875,-8.221848749616356
2r0k_HL_A,antibody,sabdab,model.antibody.allatom,-4781.72021484375,-9.221848749616356
4fqj_HL_A,antibody,sabdab,model.antibody.allatom,-5199.166015625,-9.045757490560675
4r3s_AB_Q,antibody,sabdab,model.antibody.allatom,-1668.041259765625,-8.221848749616356
5wi9_HL_A,antibody,sabdab,model.antibody.allatom,-4899.1220703125,-10.065501548756432
5u8q_HL_A,antibody,sabdab,model.antibody.allatom,-5136.16796875,-5.619788758288394
4dke_IM_B,antibody,sabdab,model.antibody.allatom,-4883.53125,-9.920818753952375
4fqi_HL_BA,antibody,sabdab,model.antibody.allatom,-4527.0009765625,-9.045757490560675
2vis_BA_C,antibody,sabdab,model.antibody.allatom,-4784.59423828125,-5.3979400086720375
1n64_HL_P,antibody,sabdab,model.antibody.allatom,-2221.826904296875,-8.886056647693163
4xnm_BA_D,antibody,sabdab,model.antibody.allatom,-4186.2998046875,-8.096910013008056
5w0k_EF_C,antibody,sabdab,model.antibody.allatom,-5358.21142578125,-7.162411561764489
2aep_HL_A,antibody,sabdab,model.antibody.allatom,-5329.9306640625,-7.920818753952375
5l6y_HL_C,antibody,sabdab,model.antibody.allatom,-3644.08203125,-10.236572006437063
5b71_BA_E,antibody,sabdab,model.antibody.allatom,-5132.78564453125,-9.818156412055227
5xwd_HD_A,antibody,sabdab,model.antibody.allatom,-5440.68505859375,-8.229147988357855
6flc_BA_I,antibody,sabdab,model.antibody.allatom,-5065.302734375,-6.752763450493236
5igx_HL_G,antibody,sabdab,model.antibody.allatom,-4199.81396484375,-6.148130399270234
1uwx_HL_P,antibody,sabdab,model.antibody.allatom,-2059.994384765625,-5.795880017344075
6bit_JL_G,antibody,sabdab,model.antibody.allatom,-5477.14208984375,-8.585026652029182
5c0s_HL_A,antibody,sabdab,model.antibody.allatom,-3270.301513671875,-8.113509274827518
4f3f_BA_C,antibody,sabdab,model.antibody.allatom,-5043.0556640625,-9.142667503568731
4m1g_HL_BA,antibody,sabdab,model.antibody.allatom,-4749.576171875,-7.841637507904751
3g5y_BA_E,antibody,sabdab,model.antibody.allatom,-2080.384033203125,-6.812479279163537
5vyf_HL_F,antibody,sabdab,model.antibody.allatom,-5193.76220703125,-9.7281583934635
6cmg_CB_A,antibody,sabdab,model.antibody.allatom,-4351.05078125,-7.562249437179612
5u7o_HL_G,antibody,sabdab,model.antibody.allatom,-2813.8466796875,-7.136677139879544
3iet_BA_X,antibody,sabdab,model.antibody.allatom,-1466.4886474609375,-6.853871964321762
5i8c_AB_C,antibody,sabdab,model.antibody.allatom,-1018.872314453125,-7.6020599913279625
6mi2_DE_F,antibody,sabdab,model.antibody.allatom,-5098.98095703125,-7.161150909262744
4dtg_HL_K,antibody,sabdab,model.antibody.allatom,-5614.4501953125,-10.136677139879545
3idx_HL_G,antibody,sabdab,model.antibody.allatom,-4976.92578125,-8.393618634889394
1nbz_BA_C,antibody,sabdab,model.antibody.allatom,-4889.24267578125,-5.97469413473523
4n8c_HL_X,antibody,sabdab,model.antibody.allatom,-2840.165283203125,-9.397940008672037
1nl0_HL_G,antibody,sabdab,model.antibody.allatom,-2290.4580078125,-8.795880017344075
4onf_HL_P,antibody,sabdab,model.antibody.allatom,-1277.348388671875,-8.920818753952375
2nz9_DC_A,antibody,sabdab,model.antibody.allatom,-5849.798828125,-11.167491087293763
6azz_FE_D,antibody,sabdab,model.antibody.allatom,-5221.75830078125,-8.173925197299173
2vxt_HL_I,antibody,sabdab,model.antibody.allatom,-5344.3369140625,-9.273272790973428
3idy_BC_A,antibody,sabdab,model.antibody.allatom,-5102.6171875,-8.393618634889394
4hpy_HL_P,antibody,sabdab,model.antibody.allatom,-2069.0732421875,-9.920818753952375
4g6m_HL_A,antibody,sabdab,model.antibody.allatom,-5769.021484375,-9.537602002101044
6axl_DC_G,antibody,sabdab,model.antibody.allatom,-1837.9063720703125,-7.107905397309519
3lh2_HL_S,antibody,sabdab,model.antibody.allatom,-3437.391357421875,-8.2518119729938
5te6_HL_G,antibody,sabdab,model.antibody.allatom,-3897.688720703125,-8.586700235918748
3l5x_HL_A,antibody,sabdab,model.antibody.allatom,-4468.41259765625,-9.570247719997592
6b0e_BA_E,antibody,sabdab,model.antibody.allatom,-4985.287109375,-7.3872161432802645
1hez_DC_E,antibody,sabdab,model.antibody.allatom,-244.89678955078125,-6.838631997765025
5mi0_BC_A,antibody,sabdab,model.antibody.allatom,-5231.7744140625,-6.3872161432802645
3mj9_HL_A,antibody,sabdab,model.antibody.allatom,-4916.13330078125,-8.114073660198569
5vzy_HL_A,antibody,sabdab,model.antibody.allatom,-1767.7076416015625,-8.494850021680094
5te7_HL_G,antibody,sabdab,model.antibody.allatom,-3741.970458984375,-8.55129368009492
5vob_HL_DB,antibody,sabdab,model.antibody.allatom,-4394.28173828125,-9.823908740944319
5t5b_HL_E,antibody,sabdab,model.antibody.allatom,-5027.23876953125,-9.910094888560602
4kxz_QP_D,antibody,sabdab,model.antibody.allatom,-3978.30908203125,-8.522878745280337
5usl_BC_A,antibody,sabdab,model.antibody.allatom,-5444.693359375,-10.795880017344075
4etq_AB_X,antibody,sabdab,model.antibody.allatom,-5578.88037109375,-9.744727494896694
5wt9_HL_G,antibody,sabdab,model.antibody.allatom,-3045.652099609375,-8.838631997765026
3be1_HL_A,antibody,sabdab,model.antibody.allatom,-5401.40185546875,-7.585026652029182
4jan_AB_I,antibody,sabdab,model.antibody.allatom,-3897.238525390625,-7.698970004336019
5ies_HL_C,antibody,sabdab,model.antibody.allatom,-3801.262451171875,-6.434152181326483
5usl_HL_X,antibody,sabdab,model.antibody.allatom,-5384.07177734375,-10.795880017344075
4xi5_DC_BA,antibody,sabdab,model.antibody.allatom,-4092.26171875,-9.309803919971486
5e8d_HL_A,antibody,sabdab,model.antibody.allatom,-4623.42724609375,-8.187086643357144
5ywy_HL_A,antibody,sabdab,model.antibody.allatom,-5314.34375,-7.229147988357855
3ngb_EF_D,antibody,sabdab,model.antibody.allatom,-3775.0869140625,-8.113509274827518
1tet_HL_P,antibody,sabdab,model.antibody.allatom,-1772.9736328125,-6.080921907623926
6cwt_CD_F,antibody,sabdab,model.antibody.allatom,-4650.78515625,-11.698970004336019
1dee_FE_H,antibody,sabdab,model.antibody.allatom,-760.0628662109375,-6.3979400086720375
6d6u_JI_B,antibody,sabdab,model.antibody.allatom,-4461.400390625,-8.214670164989233
5anm_HL_F,antibody,sabdab,model.antibody.allatom,-1414.67822265625,-11.709965388637482
4u6v_HL_A,antibody,sabdab,model.antibody.allatom,-5273.04931640625,-11.0
5kzp_GK_D,antibody,sabdab,model.antibody.allatom,-2268.10009765625,-7.154901959985743
3o6l_HL_C,antibody,sabdab,model.antibody.allatom,-2608.45947265625,-7.508638306165727
4g6j_HL_A,antibody,sabdab,model.antibody.allatom,-5465.17626953125,-8.387216143280265
5c7x_HL_A,antibody,sabdab,model.antibody.allatom,-5645.76171875,-12.397940008672037
2ny3_DC_A,antibody,sabdab,model.antibody.allatom,-4278.0966796875,-6.088842391260023
2xqb_HL_A,antibody,sabdab,model.antibody.allatom,-5822.62548828125,-10.2839966563652
6e62_HL_P,antibody,sabdab,model.antibody.allatom,-5012.48046875,-8.494850021680094
2j6e_HL_A,antibody,sabdab,model.antibody.allatom,-3497.218505859375,-6.221848749616356
5t5f_HL_A,antibody,sabdab,model.antibody.allatom,-5090.86181640625,-9.721246399047171
4kht_HL_A,antibody,sabdab,model.antibody.allatom,-3707.87109375,-8.366531544420413
3uaj_CD_B,antibody,sabdab,model.antibody.allatom,-4761.25830078125,-8.537602002101044
3v6z_AB_F,antibody,sabdab,model.antibody.allatom,-6428.138671875,-8.481486060122112
4hs8_HL_A,antibody,sabdab,model.antibody.allatom,-2336.12109375,-7.920818753952375
5sx5_HL_N,antibody,sabdab,model.antibody.allatom,-5337.32763671875,-8.939302159646388
3ngb_JK_I,antibody,sabdab,model.antibody.allatom,-3694.33447265625,-8.113509274827518
5w42_HL_A,antibody,sabdab,model.antibody.allatom,-4570.10009765625,-7.3535962737769305
3mxw_HL_A,antibody,sabdab,model.antibody.allatom,-5251.51025390625,-9.154901959985743
2aeq_HL_A,antibody,sabdab,model.antibody.allatom,-5135.75341796875,-7.920818753952375
6eyo_IM_B,antibody,sabdab,model.antibody.allatom,-4516.53173828125,-10.698970004336019
4dn4_HL_M,antibody,sabdab,model.antibody.allatom,-3936.84326171875,-10.42021640338319
4kro_DC_A,antibody,sabdab,model.antibody.allatom,-5056.02978515625,-6.559090917934782
4m8q_HL_C,antibody,sabdab,model.antibody.allatom,-4398.78564453125,-8.402304814074487
6mlk_HL_A,antibody,sabdab,model.antibody.allatom,-5799.826171875,-7.886056647693163
5zia_HI_J,antibody,sabdab,model.antibody.allatom,-1469.54638671875,-6.522878745280337
3ubx_GI_D,antibody,sabdab,model.antibody.allatom,-4643.3037109375,-7.598599459218456
6d6t_JI_B,antibody,sabdab,model.antibody.allatom,-4387.4248046875,-8.214670164989233
4hlz_GH_BA,antibody,sabdab,model.antibody.allatom,-4793.0966796875,-8.698970004336019
5zia_GL_R,antibody,sabdab,model.antibody.allatom,-1468.833984375,-6.522878745280337
5n7w_HL_X,antibody,sabdab,model.antibody.allatom,-3278.292724609375,-7.096910013008056
5xmh_DC_B,antibody,sabdab,model.antibody.allatom,-4686.03662109375,-3.7958800173440754
4n9g_AB_C,antibody,sabdab,model.antibody.allatom,-3739.78857421875,-9.48678239993206
1nca_HL_N,antibody,sabdab,model.antibody.allatom,-5441.7177734375,-8.080921907623926
4mhj_KJ_G,antibody,sabdab,model.antibody.allatom,-5122.3076171875,-9.0
4i2x_BA_E,antibody,sabdab,model.antibody.allatom,-5392.2978515625,-5.920818753952375
4uu9_HL_D,antibody,sabdab,model.antibody.allatom,-3902.76953125,-10.853871964321762
4d9q_HL_A,antibody,sabdab,model.antibody.allatom,-4696.9140625,-10.522878745280337
3bdy_HL_V,antibody,sabdab,model.antibody.allatom,-3944.532958984375,-6.522878745280337
5sx4_HL_N,antibody,sabdab,model.antibody.allatom,-5185.89697265625,-9.468521082957745
3eyu_HL_Q,antibody,sabdab,model.antibody.allatom,-1450.9039306640625,-7.619788758288394
4ala_HL_C,antibody,sabdab,model.antibody.allatom,-3501.144775390625,-9.327902142064282
1cz8_HL_W,antibody,sabdab,model.antibody.allatom,-5302.833984375,-9.958607314841775
5jq6_HL_A,antibody,sabdab,model.antibody.allatom,-6137.94921875,-9.102372908709558
3k2u_HL_A,antibody,sabdab,model.antibody.allatom,-5613.7138671875,-9.795880017344075
4ris_HL_P,antibody,sabdab,model.antibody.allatom,-2827.2822265625,-6.045757490560675
4od2_BA_S,antibody,sabdab,model.antibody.allatom,-5260.1611328125,-9.036212172654444
5f3b_AB_C,antibody,sabdab,model.antibody.allatom,-4683.51123046875,-11.522878745280337
3g6j_FE_BA,antibody,sabdab,model.antibody.allatom,-4994.91845703125,-8.721246399047171
3b2u_CD_B,antibody,sabdab,model.antibody.allatom,-4900.92919921875,-9.0
1qfw_HL_A,antibody,sabdab,model.antibody.allatom,-4429.8515625,-8.0
1dqj_BA_C,antibody,sabdab,model.antibody.allatom,-5017.8408203125,-8.543633966870956
3hi1_HL_G,antibody,sabdab,model.antibody.allatom,-3877.72607421875,-7.950781977329818
4fqr_st_S,antibody,sabdab,model.antibody.allatom,-4160.3798828125,-7.0
2qr0_NM_O,antibody,sabdab,model.antibody.allatom,-3947.25146484375,-8.10790539730952
4iof_EF_B,antibody,sabdab,model.antibody.allatom,-5533.1337890625,-8.397940008672037
4j4p_HL_A,antibody,sabdab,model.antibody.allatom,-4812.48681640625,-7.3979400086720375
5d1q_BA_E,antibody,sabdab,model.antibody.allatom,-4710.9921875,-10.886056647693163
1iqd_BA_C,antibody,sabdab,model.antibody.allatom,-4770.23291015625,-10.853871964321762
5nmv_HL_K,antibody,sabdab,model.antibody.allatom,-5295.59716796875,-9.0
1yym_HL_G,antibody,sabdab,model.antibody.allatom,-4397.1728515625,-5.023191662661934
3ifo_HL_P,antibody,sabdab,model.antibody.allatom,-1385.7081298828125,-7.2636034977233574
4jkp_HL_G,antibody,sabdab,model.antibody.allatom,-4457.34375,-7.292429823902063
2wuc_HL_A,antibody,sabdab,model.antibody.allatom,-5322.255859375,-6.79317412396815
5utz_HL_D,antibody,sabdab,model.antibody.allatom,-4958.67431640625,-8.726073219899474
2fx9_HL_P,antibody,sabdab,model.antibody.allatom,-2484.3662109375,-7.769551078621726
5d70_HL_A,antibody,sabdab,model.antibody.allatom,-4009.980712890625,-8.698970004336019
3ghe_HL_P,antibody,sabdab,model.antibody.allatom,-2957.0146484375,-5.886056647693163
1sm3_HL_P,antibody,sabdab,model.antibody.allatom,-1353.510498046875,-4.619788758288394
3o6m_HL_C,antibody,sabdab,model.antibody.allatom,-1859.22314453125,-7.481486060122113
2h9g_BA_R,antibody,sabdab,model.antibody.allatom,-4131.3427734375,-8.301029995663981
2oqj_KJ_L,antibody,sabdab,model.antibody.allatom,-1946.8017578125,-3.6989700043360187
4kxz_NM_E,antibody,sabdab,model.antibody.allatom,-3983.6484375,-8.522878745280337
4dkf_HL_A,antibody,sabdab,model.antibody.allatom,-3836.73046875,-8.508638306165727
5czx_HL_A,antibody,sabdab,model.antibody.allatom,-5047.986328125,-9.221848749616356
5bvp_HL_I,antibody,sabdab,model.antibody.allatom,-4934.255859375,-10.515700160653214
4hwb_HL_A,antibody,sabdab,model.antibody.allatom,-5757.1298828125,-9.244125144327509
6d01_GH_J,antibody,sabdab,model.antibody.allatom,-2327.79833984375,-6.543633966870957
4qci_BA_D,antibody,sabdab,model.antibody.allatom,-4073.66748046875,-10.55284196865778
2uzi_HL_R,antibody,sabdab,model.antibody.allatom,-4234.77783203125,-8.207608310501746
2xra_HL_A,antibody,sabdab,model.antibody.allatom,-5819.970703125,-8.481486060122112
6fgb_HL_AB,antibody,sabdab,model.antibody.allatom,-4697.3642578125,-10.229147988357855
4cmh_BC_A,antibody,sabdab,model.antibody.allatom,-5831.53515625,-9.698970004336019
4g6f_HL_P,antibody,sabdab,model.antibody.allatom,-4365.48193359375,-7.769551078621726
4am0_AB_S,antibody,sabdab,model.antibody.allatom,-3569.236328125,-9.3767507096021
6b9j_AB_Y,antibody,sabdab,model.antibody.allatom,-5506.17724609375,-9.455931955649724
2eh8_HL_P,antibody,sabdab,model.antibody.allatom,-1902.1927490234375,-7.958607314841775
5j3h_CD_E,antibody,sabdab,model.antibody.allatom,-5897.12060546875,-8.602059991327963
5t6p_DC_E,antibody,sabdab,model.antibody.allatom,-1116.396484375,-6.055517327849832
2vir_BA_C,antibody,sabdab,model.antibody.allatom,-4803.658203125,-9.0
4m1d_HL_P,antibody,sabdab,model.antibody.allatom,-2650.3095703125,-7.638272163982407
3hae_IG_DF,antibody,sabdab,model.antibody.allatom,-5501.16064453125,-7.337242168318426
6b08_CB_A,antibody,sabdab,model.antibody.allatom,-5212.03125,-7.795880017344075
4iof_CD_A,antibody,sabdab,model.antibody.allatom,-5242.578125,-8.397940008672037
5dmi_HL_A,antibody,sabdab,model.antibody.allatom,-4584.798828125,-9.040958607678906
4lu5_HL_B,antibody,sabdab,model.antibody.allatom,-4923.9345703125,-10.18111458540599
4khx_HL_A,antibody,sabdab,model.antibody.allatom,-3785.893798828125,-8.3767507096021
5lcv_HL_AB,antibody,sabdab,model.antibody.allatom,-4873.0498046875,-6.075720713938118
3lh2_IM_T,antibody,sabdab,model.antibody.allatom,-3809.189208984375,-8.2518119729938
5dd0_HL_P,antibody,sabdab,model.antibody.allatom,-2051.635498046875,-7.07727454200674
6b0s_HL_C,antibody,sabdab,model.antibody.allatom,-4719.4580078125,-6.749579997691106
5d1x_CD_E,antibody,sabdab,model.antibody.allatom,-4379.564453125,-10.67778070526608
4aei_IM_B,antibody,sabdab,model.antibody.allatom,-5150.935546875,-9.096910013008056
4kxz_JI_B,antibody,sabdab,model.antibody.allatom,-3942.19970703125,-8.522878745280337
5xjm_HL_A,antibody,sabdab,model.antibody.allatom,-4700.02783203125,-9.366531544420413
4jzj_HL_C,antibody,sabdab,model.antibody.allatom,-5925.4814453125,-8.397940008672037
3nfp_HL_I,antibody,sabdab,model.antibody.allatom,-4798.2919921875,-9.568636235841012
4odx_HB_X,antibody,sabdab,model.antibody.allatom,-4774.3212890625,-8.686132779630846
5myk_BA_C,antibody,sabdab,model.antibody.allatom,-923.59912109375,-9.00436480540245
1ob1_ED_F,antibody,sabdab,model.antibody.allatom,-4806.83984375,-9.698970004336019
4n9g_HL_Y,antibody,sabdab,model.antibody.allatom,-4032.982666015625,-9.48678239993206
6bkd_HL_E,antibody,sabdab,model.antibody.allatom,-3861.358154296875,-6.94692155651658
4jfx_HL_P,antibody,sabdab,model.antibody.allatom,-1263.9993896484375,-6.443697499232712
5fcu_HL_G,antibody,sabdab,model.antibody.allatom,-4943.31787109375,-8.221848749616356
4r2g_DC_O,antibody,sabdab,model.antibody.allatom,-1922.6629638671875,-7.468521082957745
3dvn_BA_YX,antibody,sabdab,model.antibody.allatom,-4806.40576171875,-7.036212172654444
4hs6_BA_Z,antibody,sabdab,model.antibody.allatom,-2064.53662109375,-7.522878745280337
5utz_FG_E,antibody,sabdab,model.antibody.allatom,-4862.3251953125,-8.726073219899474
6bkb_HL_E,antibody,sabdab,model.antibody.allatom,-4597.3408203125,-8.823908740944319
6bb4_IM_Q,antibody,sabdab,model.antibody.allatom,-1032.183349609375,-7.8124792791635365
4i18_AB_R,antibody,sabdab,model.antibody.allatom,-5035.16455078125,-8.2518119729938
5hhx_HL_A,antibody,sabdab,model.antibody.allatom,-4128.69189453125,-8.210419287835574
2j5l_CB_A,antibody,sabdab,model.antibody.allatom,-3993.5234375,-7.113509274827518
6a0z_HL_A,antibody,sabdab,model.antibody.allatom,-5071.9140625,-7.275724130399211
6b5o_HL_A,antibody,sabdab,model.antibody.allatom,-1572.333251953125,-8.331614083309999
6b5t_HL_A,antibody,sabdab,model.antibody.allatom,-1818.2821044921875,-8.655607726314889
5kvg_HL_E,antibody,sabdab,model.antibody.allatom,-4743.63720703125,-8.05551732784983
5eoc_HL_P,antibody,sabdab,model.antibody.allatom,-1848.160400390625,-7.518557371497695
4p59_HL_A,antibody,sabdab,model.antibody.allatom,-5563.44384765625,-10.494850021680094
2ny7_HL_G,antibody,sabdab,model.antibody.allatom,-4642.75390625,-7.438898616350944
5wux_HL_E,antibody,sabdab,model.antibody.allatom,-4155.56298828125,-10.562249437179613
4rgm_HL_S,antibody,sabdab,model.antibody.allatom,-4974.24365234375,-7.640164517660112
3mac_HL_A,antibody,sabdab,model.antibody.allatom,-5756.40234375,-6.698970004336019
5kvf_HL_E,antibody,sabdab,model.antibody.allatom,-5170.03173828125,-7.494850021680094
4lqf_HL_A,antibody,sabdab,model.antibody.allatom,-4512.52685546875,-10.190440285364732
5kw9_HL_A,antibody,sabdab,model.antibody.allatom,-4139.7939453125,-7.688246138944246
4k2u_IM_B,antibody,sabdab,model.antibody.allatom,-4888.61328125,-10.8153085691824
4k24_HL_U,antibody,sabdab,model.antibody.allatom,-4871.2138671875,-6.267606240177032
2a6i_BA_P,antibody,sabdab,model.antibody.allatom,-1321.9698486328125,-6.920818753952375
6b9j_HL_X,antibody,sabdab,model.antibody.allatom,-5291.94482421875,-9.455931955649724
3ru8_HL_X,antibody,sabdab,model.antibody.allatom,-4925.072265625,-7.474955192963154
4n9g_MN_Z,antibody,sabdab,model.antibody.allatom,-3911.427978515625,-9.48678239993206
1bvk_BA_C,antibody,sabdab,model.antibody.allatom,-5287.4755859375,-7.853871964321762
4yhz_HL_P,antibody,sabdab,model.antibody.allatom,-885.59130859375,-7.958607314841775
2or9_HL_P,antibody,sabdab,model.antibody.allatom,-2159.625244140625,-6.301029995663981
5bo1_HL_B,antibody,sabdab,model.antibody.allatom,-5163.1220703125,-9.102372908709558
2vxs_IM_A,antibody,sabdab,model.antibody.allatom,-4103.10205078125,-8.67778070526608
5drz_BA_Q,antibody,sabdab,model.antibody.allatom,-2515.103515625,-8.356547323513812
2nxy_DC_A,antibody,sabdab,model.antibody.allatom,-4307.24169921875,-6.102372908709558
4z5r_UT_I,antibody,sabdab,model.antibody.allatom,-6216.13916015625,-10.744727494896694
2fx7_HL_P,antibody,sabdab,model.antibody.allatom,-2827.539794921875,-7.698970004336019
5tru_HL_C,antibody,sabdab,model.antibody.allatom,-4901.37060546875,-7.97469413473523
2xtj_DB_A,antibody,sabdab,model.antibody.allatom,-4757.5283203125,-8.356547323513812
3h3p_IM_T,antibody,sabdab,model.antibody.allatom,-2936.6689453125,-7.853871964321762
4k3j_HL_B,antibody,sabdab,model.antibody.allatom,-5795.48681640625,-8.920818753952375
2ybr_AB_C,antibody,sabdab,model.antibody.allatom,-5251.64013671875,-9.67778070526608
5k59_EF_B,antibody,sabdab,model.antibody.allatom,-5272.97412109375,-11.602059991327963
4qti_HL_U,antibody,sabdab,model.antibody.allatom,-4405.8134765625,-7.764471553092451
5eoc_JM_Q,antibody,sabdab,model.antibody.allatom,-1859.6990966796875,-7.518557371497695
6cdp_AB_C,antibody,sabdab,model.antibody.allatom,-1197.147705078125,-8.785156151952302
5e2v_HL_P,antibody,sabdab,model.antibody.allatom,-1192.123046875,-6.080398976215889
5bk1_HL_A,antibody,sabdab,model.antibody.allatom,-4494.3974609375,-8.958607314841775
4zpt_HL_S,antibody,sabdab,model.antibody.allatom,-5277.11767578125,-8.003050751504619
5hys_EF_J,antibody,sabdab,model.antibody.allatom,-956.8265991210938,-10.410050398674292
1wej_HL_F,antibody,sabdab,model.antibody.allatom,-5205.1923828125,-7.801342913045578
4kv5_EF_C,antibody,sabdab,model.antibody.allatom,-4139.82177734375,-8.769551078621726
3b2v_HL_A,antibody,sabdab,model.antibody.allatom,-4752.80126953125,-8.481486060122112
5w08_KL_C,antibody,sabdab,model.antibody.allatom,-4648.892578125,-7.3979400086720375
4mhj_RQ_O,antibody,sabdab,model.antibody.allatom,-5476.5498046875,-9.0
2ybr_GH_I,antibody,sabdab,model.antibody.allatom,-5285.95458984375,-9.67778070526608
4ffz_HL_A,antibody,sabdab,model.antibody.allatom,-5382.8828125,-6.380906669373257
1w72_HL_AC,antibody,sabdab,model.antibody.allatom,-5409.6640625,-7.853871964321762
4leo_AB_C,antibody,sabdab,model.antibody.allatom,-5437.8525390625,-9.301029995663981
5dfv_EF_B,antibody,sabdab,model.antibody.allatom,-5352.2021484375,-9.301029995663981
4why_IJ_A,antibody,sabdab,model.antibody.allatom,-1698.13818359375,-8.102372908709558
3w2d_HL_A,antibody,sabdab,model.antibody.allatom,-4736.58837890625,-9.237546517636453
5ghw_HL_P,antibody,sabdab,model.antibody.allatom,-3414.755615234375,-8.017728766960431
3bky_HL_P,antibody,sabdab,model.antibody.allatom,-2233.08349609375,-6.361510743045363
4jg0_HL_P,antibody,sabdab,model.antibody.allatom,-1251.179443359375,-6.764471553092451
3uyr_HL_P,antibody,sabdab,model.antibody.allatom,-1550.0914306640625,-6.896196279044043
4h88_HL_A,antibody,sabdab,model.antibody.allatom,-4815.8134765625,-8.537602002101044
5w6g_HL_A,antibody,sabdab,model.antibody.allatom,-4554.01123046875,-5.673664139071248
4yk4_ZY_E,antibody,sabdab,model.antibody.allatom,-4962.91064453125,-6.438898616350944
4zs6_CD_B,antibody,sabdab,model.antibody.allatom,-4880.818359375,-6.505845405981558
2fx8_JN_R,antibody,sabdab,model.antibody.allatom,-2277.990234375,-6.519993057042849
4bkl_AB_EGF,antibody,sabdab,model.antibody.allatom,-4245.8720703125,-6.562249437179612
4ffy_HL_A,antibody,sabdab,model.antibody.allatom,-5444.3818359375,-7.7447274948966935
2fjh_BA_W,antibody,sabdab,model.antibody.allatom,-5012.54541015625,-8.42021640338319
5u7m_HL_G,antibody,sabdab,model.antibody.allatom,-2806.75,-6.7447274948966935
5e2w_HL_P,antibody,sabdab,model.antibody.allatom,-1065.4866943359375,-7.508638306165727
1f90_HL_E,antibody,sabdab,model.antibody.allatom,-1699.4852294921875,-7.924453038607469
4zff_HL_D,antibody,sabdab,model.antibody.allatom,-3729.154296875,-8.301029995663981
3wd5_HL_A,antibody,sabdab,model.antibody.allatom,-4625.458984375,-9.939302159646388
5c6t_HL_A,antibody,sabdab,model.antibody.allatom,-4560.6826171875,-9.886056647693163
6b3s_FG_E,antibody,sabdab,model.antibody.allatom,-5250.396484375,-7.920818753952375
5anm_BA_G,antibody,sabdab,model.antibody.allatom,-2178.970458984375,-11.709965388637482
6a67_CD_B,antibody,sabdab,model.antibody.allatom,-4923.70068359375,-8.998266287190999
4xh2_JK_j,antibody,sabdab,model.antibody.allatom,-1708.380615234375,-8.221848749616356
5sy8_HL_O,antibody,sabdab,model.antibody.allatom,-5528.64990234375,-10.950781977329818
4lmq_HL_D,antibody,sabdab,model.antibody.allatom,-4651.685546875,-9.034798298974088
5czv_HL_A,antibody,sabdab,model.antibody.allatom,-5462.109375,-9.522878745280337
4o4y_HL_A,antibody,sabdab,model.antibody.allatom,-1078.38427734375,-7.809668301829708
6cdo_AB_C,antibody,sabdab,model.antibody.allatom,-1219.9503173828125,-8.97469413473523
2vwe_EC_A,antibody,sabdab,model.antibody.allatom,-3856.10986328125,-9.943095148663527
2i5y_HL_G,antibody,sabdab,model.antibody.allatom,-4422.689453125,-8.568636235841012
5ush_HL_X,antibody,sabdab,model.antibody.allatom,-5334.65966796875,-8.823908740944319
5cil_HL_P,antibody,sabdab,model.antibody.allatom,-2585.803955078125,-7.3872161432802645
6bck_HL_G,antibody,sabdab,model.antibody.allatom,-4534.96728515625,-9.065501548756432
2y06_HL_P,antibody,sabdab,model.antibody.allatom,-1402.5247802734375,-6.096910013008056
1vfb_BA_C,antibody,sabdab,model.antibody.allatom,-5233.78466796875,-8.431798275933005
1mlc_DC_F,antibody,sabdab,model.antibody.allatom,-4867.70703125,-7.040958607678906
2vxs_KO_C,antibody,sabdab,model.antibody.allatom,-4176.1142578125,-8.67778070526608
6b0g_DC_E,antibody,sabdab,model.antibody.allatom,-5002.75439453125,-7.508638306165727
3g6d_HL_A,antibody,sabdab,model.antibody.allatom,-5148.64013671875,-10.735182176990463
4qy8_AB_Q,antibody,sabdab,model.antibody.allatom,-2212.8291015625,-7.1938200260161125
4hj0_PQ_A,antibody,sabdab,model.antibody.allatom,-5652.15185546875,-7.638272163982407
5tz2_HL_C,antibody,sabdab,model.antibody.allatom,-5063.5419921875,-8.950781977329818
5t5b_AB_O,antibody,sabdab,model.antibody.allatom,-5212.1630859375,-9.910094888560602
1tzh_BA_W,antibody,sabdab,model.antibody.allatom,-3639.973876953125,-8.744727494896694
4xgz_QR_q,antibody,sabdab,model.antibody.allatom,-2468.16455078125,-7.619788758288394
3wih_HL_A,antibody,sabdab,model.antibody.allatom,-4916.84326171875,-7.721246399047171
5d8j_HL_A,antibody,sabdab,model.antibody.allatom,-5413.9765625,-8.749579997691106
1uz8_BA_H,antibody,sabdab,model.antibody.allatom,-1168.3031005859375,-4.958607314841775
1sy6_HL_A,antibody,sabdab,model.antibody.allatom,-4697.01220703125,-5.5638373529592435
4rgo_HL_S,antibody,sabdab,model.antibody.allatom,-5686.31201171875,-8.102372908709558
1ct8_BA_D,antibody,sabdab,model.antibody.allatom,-2622.705810546875,-6.522878745280337
4r2g_NM_A,antibody,sabdab,model.antibody.allatom,-1942.9847412109375,-7.468521082957745
4u6h_CD_J,antibody,sabdab,model.antibody.allatom,-5009.84716796875,-10.040958607678906
4hix_HL_A,antibody,sabdab,model.antibody.allatom,-1402.365966796875,-6.82102305270683
1jrh_HL_I,antibody,sabdab,model.antibody.allatom,-4372.80517578125,-7.847711655616943
3rvv_DC_A,antibody,sabdab,model.antibody.allatom,-4751.5791015625,-7.769551078621726
6df1_HL_A,antibody,sabdab,model.antibody.allatom,-350.6308898925781,-6.557520230935552
3qwo_AB_C,antibody,sabdab,model.antibody.allatom,-5010.8291015625,-7.060480747381382
2j4w_HL_D,antibody,sabdab,model.antibody.allatom,-3936.08544921875,-9.221848749616356
2i60_HL_G,antibody,sabdab,model.antibody.allatom,-4379.4794921875,-8.204815410317575
3iu3_AB_K,antibody,sabdab,model.antibody.allatom,-5448.83251953125,-9.853871964321762
3u0t_BA_F,antibody,sabdab,model.antibody.allatom,-1482.3486328125,-9.522878745280337
3eob_HL_I,antibody,sabdab,model.antibody.allatom,-4549.44970703125,-8.657577319177793
1bj1_KJ_V,antibody,sabdab,model.antibody.allatom,-5094.32763671875,-8.468521082957745
5te4_HL_G,antibody,sabdab,model.antibody.allatom,-3891.88037109375,-8.00436480540245
5d72_MN_B,antibody,sabdab,model.antibody.allatom,-5515.34228515625,-11.221848749616356
4fqy_HL_BA,antibody,sabdab,model.antibody.allatom,-4416.1953125,-8.657577319177793
5vag_CB_A,antibody,sabdab,model.antibody.allatom,-5330.98291015625,-8.0268721464003
1mpa_HL_P,antibody,sabdab,model.antibody.allatom,-1569.776123046875,-8.040958607678906
5tkj_DE_F,antibody,sabdab,model.antibody.allatom,-1227.2281494140625,-8.145693958198919
3sdy_HL_BA,antibody,sabdab,model.antibody.allatom,-5144.33447265625,-9.0
4qci_HL_C,antibody,sabdab,model.antibody.allatom,-4122.4873046875,-10.55284196865778
4jfz_HL_P,antibody,sabdab,model.antibody.allatom,-1387.245849609375,-7.1487416512809245
4wht_ST_s,antibody,sabdab,model.antibody.allatom,-1708.46728515625,-8.102372908709558
4wv1_BA_C,antibody,sabdab,model.antibody.allatom,-4737.4755859375,-8.585026652029182
3eys_HL_Q,antibody,sabdab,model.antibody.allatom,-1091.2213134765625,-5.522878745280337
4qxt_AB_Q,antibody,sabdab,model.antibody.allatom,-1837.1131591796875,-7.795880017344075
6ddv_BA_C,antibody,sabdab,model.antibody.allatom,-5094.25927734375,-8.23807216157947
6h0e_AB_K,antibody,sabdab,model.antibody.allatom,-1442.3145751953125,-6.619788758288394
5tzt_AB_D,antibody,sabdab,model.antibody.allatom,-3884.317138671875,-8.542118103266008
2iff_HL_Y,antibody,sabdab,model.antibody.allatom,-4739.85693359375,-8.0
4kv5_GK_D,antibody,sabdab,model.antibody.allatom,-4067.06396484375,-8.769551078621726
5ikc_BA_M,antibody,sabdab,model.antibody.allatom,-5141.15283203125,-7.568636235841013
3bgf_HL_S,antibody,sabdab,model.antibody.allatom,-5461.79931640625,-7.585026652029182
3uc0_HL_A,antibody,sabdab,model.antibody.allatom,-4463.8583984375,-8.886056647693163
3q3g_KJ_L,antibody,sabdab,model.antibody.allatom,-5927.3447265625,-8.303643611266669
5grj_HL_A,antibody,sabdab,model.antibody.allatom,-5605.123046875,-10.37571790416433
4f37_FK_B,antibody,sabdab,model.antibody.allatom,-2642.642822265625,-8.259637310505756
5t78_BA_F,antibody,sabdab,model.antibody.allatom,-1277.2838134765625,-7.366531544420414
3e8u_HL_P,antibody,sabdab,model.antibody.allatom,-1502.85205078125,-9.698970004336019
5mev_HL_A,antibody,sabdab,model.antibody.allatom,-4676.19775390625,-7.0
4nm8_JN_FE,antibody,sabdab,model.antibody.allatom,-5317.61376953125,-8.602059991327963
2qhr_HL_P,antibody,sabdab,model.antibody.allatom,-2246.793212890625,-7.3872161432802645
5w1m_HG_S,antibody,sabdab,model.antibody.allatom,-5602.96484375,-7.787812395596042
2r0l_HL_A,antibody,sabdab,model.antibody.allatom,-5477.224609375,-7.835647144215563
2jix_FA_CB,antibody,sabdab,model.antibody.allatom,-4813.0400390625,-7.522878745280337
6axk_AB_E,antibody,sabdab,model.antibody.allatom,-1878.4716796875,-6.515700160653214
4m62_IM_T,antibody,sabdab,model.antibody.allatom,-5370.83251953125,-8.590066876668706
1za3_BA_S,antibody,sabdab,model.antibody.allatom,-5538.5126953125,-7.468521082957745
2ypv_HL_A,antibody,sabdab,model.antibody.allatom,-5517.46533203125,-10.522878745280337
4yhp_HL_P,antibody,sabdab,model.antibody.allatom,-998.7965698242188,-8.698970004336019
5d1q_CD_E,antibody,sabdab,model.antibody.allatom,-4523.34423828125,-10.886056647693163
5kvd_HL_E,antibody,sabdab,model.antibody.allatom,-4500.6728515625,-6.575118363368933
6h06_AB_K,antibody,sabdab,model.antibody.allatom,-1272.494140625,-5.251811972993799
6ii8_HL_C,antibody,sabdab,model.antibody.allatom,-3745.73388671875,-6.413412695328245
0,antibody,HER2,model.antibody.allatom,-3112.7646484375,-9.03
1,antibody,HER2,model.antibody.allatom,-2912.672607421875,-8.92
2,antibody,HER2,model.antibody.allatom,-2959.251953125,-8.77
3,antibody,HER2,model.antibody.allatom,-2775.647216796875,-8.71
4,antibody,HER2,model.antibody.allatom,-2890.43701171875,-8.7
5,antibody,HER2,model.antibody.allatom,-2560.3798828125,-8.69
6,antibody,HER2,model.antibody.allatom,-3028.978759765625,-8.64
7,antibody,HER2,model.antibody.allatom,-2942.918701171875,-8.63
8,antibody,HER2,model.antibody.allatom,-2901.29833984375,-8.62
9,antibody,HER2,model.antibody.allatom,-3009.24462890625,-8.58
10,antibody,HER2,model.antibody.allatom,-2852.24169921875,-8.56
11,antibody,HER2,model.antibody.allatom,-2897.7158203125,-8.56
12,antibody,HER2,model.antibody.allatom,-2987.318359375,-8.52
13,antibody,HER2,model.antibody.allatom,-2882.59716796875,-8.5
14,antibody,HER2,model.antibody.allatom,-2913.45458984375,-8.47
15,antibody,HER2,model.antibody.allatom,-2901.47705078125,-8.47
16,antibody,HER2,model.antibody.allatom,-2862.87939453125,-8.45
17,antibody,HER2,model.antibody.allatom,-2782.62353515625,-8.45
18,antibody,HER2,model.antibody.allatom,-2868.139892578125,-8.44
19,antibody,HER2,model.antibody.allatom,-2744.8681640625,-8.4
20,antibody,HER2,model.antibody.allatom,-2764.13134765625,-8.4
21,antibody,HER2,model.antibody.allatom,-2811.11962890625,-8.37
22,antibody,HER2,model.antibody.allatom,-2745.70703125,-8.35
23,antibody,HER2,model.antibody.allatom,-2359.618408203125,-8.33
24,antibody,HER2,model.antibody.allatom,-2782.299072265625,-8.32
25,antibody,HER2,model.antibody.allatom,-2914.4326171875,-8.31
26,antibody,HER2,model.antibody.allatom,-2800.2529296875,-8.28
27,antibody,HER2,model.antibody.allatom,-2949.15771484375,-8.28
28,antibody,HER2,model.antibody.allatom,-2869.876220703125,-8.27
29,antibody,HER2,model.antibody.allatom,-2874.3232421875,-8.27
30,antibody,HER2,model.antibody.allatom,-2891.59765625,-8.26
31,antibody,HER2,model.antibody.allatom,-2831.63134765625,-8.25
32,antibody,HER2,model.antibody.allatom,-2828.31396484375,-8.25
33,antibody,HER2,model.antibody.allatom,-3121.123046875,-8.21
34,antibody,HER2,model.antibody.allatom,-2821.257568359375,-8.21
35,antibody,HER2,model.antibody.allatom,-2974.0712890625,-8.2
36,antibody,HER2,model.antibody.allatom,-2808.599365234375,-8.19
37,antibody,HER2,model.antibody.allatom,-3090.803955078125,-8.17
38,antibody,HER2,model.antibody.allatom,-3021.599853515625,-8.17
39,antibody,HER2,model.antibody.allatom,-2931.468017578125,-8.16
40,antibody,HER2,model.antibody.allatom,-2961.290771484375,-8.16
41,antibody,HER2,model.antibody.allatom,-3278.005615234375,-8.15
42,antibody,HER2,model.antibody.allatom,-3259.89990234375,-8.15
43,antibody,HER2,model.antibody.allatom,-2935.620849609375,-8.14
44,antibody,HER2,model.antibody.allatom,-2866.861328125,-8.13
45,antibody,HER2,model.antibody.allatom,-2775.88525390625,-8.12
46,antibody,HER2,model.antibody.allatom,-3278.1962890625,-8.12
47,antibody,HER2,model.antibody.allatom,-2733.50732421875,-8.12
48,antibody,HER2,model.antibody.allatom,-2681.488037109375,-8.11
49,antibody,HER2,model.antibody.allatom,-2907.70654296875,-8.09
50,antibody,HER2,model.antibody.allatom,-2722.438720703125,-8.09
51,antibody,HER2,model.antibody.allatom,-2788.177734375,-8.09
52,antibody,HER2,model.antibody.allatom,-3114.1435546875,-8.08
53,antibody,HER2,model.antibody.allatom,-3117.427490234375,-8.08
54,antibody,HER2,model.antibody.allatom,-3292.515625,-8.07
55,antibody,HER2,model.antibody.allatom,-2754.572998046875,-8.07
56,antibody,HER2,model.antibody.allatom,-2880.85009765625,-8.07
57,antibody,HER2,model.antibody.allatom,-2683.263427734375,-8.07
58,antibody,HER2,model.antibody.allatom,-2826.080078125,-8.07
59,antibody,HER2,model.antibody.allatom,-2790.989501953125,-8.06
60,antibody,HER2,model.antibody.allatom,-3000.22607421875,-8.06
61,antibody,HER2,model.antibody.allatom,-2882.2724609375,-8.06
62,antibody,HER2,model.antibody.allatom,-2747.2841796875,-8.04
63,antibody,HER2,model.antibody.allatom,-2901.7109375,-8.04
64,antibody,HER2,model.antibody.allatom,-2098.99072265625,-8.04
65,antibody,HER2,model.antibody.allatom,-2904.94580078125,-8.03
66,antibody,HER2,model.antibody.allatom,-2945.56689453125,-8.03
67,antibody,HER2,model.antibody.allatom,-2650.689697265625,-8.02
68,antibody,HER2,model.antibody.allatom,-2926.45947265625,-8.02
69,antibody,HER2,model.antibody.allatom,-2920.76025390625,-8.01
70,antibody,HER2,model.antibody.allatom,-2323.47607421875,-8.01
71,antibody,HER2,model.antibody.allatom,-2878.050048828125,-8.0
72,antibody,HER2,model.antibody.allatom,-2795.070068359375,-7.99
73,antibody,HER2,model.antibody.allatom,-2923.00537109375,-7.99
74,antibody,HER2,model.antibody.allatom,-2777.892578125,-7.99
75,antibody,HER2,model.antibody.allatom,-2990.78369140625,-7.98
76,antibody,HER2,model.antibody.allatom,-2715.612060546875,-7.98
77,antibody,HER2,model.antibody.allatom,-2598.072265625,-7.98
78,antibody,HER2,model.antibody.allatom,-2571.653076171875,-7.98
79,antibody,HER2,model.antibody.allatom,-2824.62841796875,-7.97
80,antibody,HER2,model.antibody.allatom,-2971.505859375,-7.96
81,antibody,HER2,model.antibody.allatom,-2733.435302734375,-7.96
82,antibody,HER2,model.antibody.allatom,-3190.8046875,-7.96
83,antibody,HER2,model.antibody.allatom,-2777.71728515625,-7.95
84,antibody,HER2,model.antibody.allatom,-2674.0478515625,-7.95
85,antibody,HER2,model.antibody.allatom,-2985.93798828125,-7.95
86,antibody,HER2,model.antibody.allatom,-2867.310791015625,-7.93
87,antibody,HER2,model.antibody.allatom,-3053.810302734375,-7.93
88,antibody,HER2,model.antibody.allatom,-2886.42041015625,-7.93
89,antibody,HER2,model.antibody.allatom,-2825.51904296875,-7.92
90,antibody,HER2,model.antibody.allatom,-2911.70361328125,-7.92
91,antibody,HER2,model.antibody.allatom,-3073.929931640625,-7.92
92,antibody,HER2,model.antibody.allatom,-2917.41796875,-7.92
93,antibody,HER2,model.antibody.allatom,-2811.888916015625,-7.91
94,antibody,HER2,model.antibody.allatom,-2987.310791015625,-7.9
95,antibody,HER2,model.antibody.allatom,-2733.22119140625,-7.9
96,antibody,HER2,model.antibody.allatom,-2616.3779296875,-7.9
97,antibody,HER2,model.antibody.allatom,-3003.790283203125,-7.9
98,antibody,HER2,model.antibody.allatom,-2921.205322265625,-7.89
99,antibody,HER2,model.antibody.allatom,-2899.08349609375,-7.89
100,antibody,HER2,model.antibody.allatom,-2884.017822265625,-7.89
101,antibody,HER2,model.antibody.allatom,-2753.220703125,-7.88
102,antibody,HER2,model.antibody.allatom,-2929.728759765625,-7.88
103,antibody,HER2,model.antibody.allatom,-2609.646240234375,-7.88
104,antibody,HER2,model.antibody.allatom,-2669.17236328125,-7.88
105,antibody,HER2,model.antibody.allatom,-2988.355712890625,-7.87
106,antibody,HER2,model.antibody.allatom,-2803.6689453125,-7.87
107,antibody,HER2,model.antibody.allatom,-2878.1591796875,-7.86
108,antibody,HER2,model.antibody.allatom,-3042.05908203125,-7.86
109,antibody,HER2,model.antibody.allatom,-3015.12548828125,-7.86
110,antibody,HER2,model.antibody.allatom,-2152.430908203125,-7.86
111,antibody,HER2,model.antibody.allatom,-2724.438720703125,-7.86
112,antibody,HER2,model.antibody.allatom,-2810.721923828125,-7.85
113,antibody,HER2,model.antibody.allatom,-2879.938232421875,-7.85
114,antibody,HER2,model.antibody.allatom,-2885.226806640625,-7.84
115,antibody,HER2,model.antibody.allatom,-2413.930419921875,-7.84
116,antibody,HER2,model.antibody.allatom,-2865.783935546875,-7.84
117,antibody,HER2,model.antibody.allatom,-3080.8369140625,-7.84
118,antibody,HER2,model.antibody.allatom,-2913.48828125,-7.83
119,antibody,HER2,model.antibody.allatom,-2842.2177734375,-7.83
120,antibody,HER2,model.antibody.allatom,-2688.32470703125,-7.83
121,antibody,HER2,model.antibody.allatom,-2836.375,-7.83
122,antibody,HER2,model.antibody.allatom,-2973.545166015625,-7.82
123,antibody,HER2,model.antibody.allatom,-2827.966552734375,-7.81
124,antibody,HER2,model.antibody.allatom,-2861.88623046875,-7.81
125,antibody,HER2,model.antibody.allatom,-2553.05078125,-7.81
126,antibody,HER2,model.antibody.allatom,-2761.87158203125,-7.81
127,antibody,HER2,model.antibody.allatom,-2906.804931640625,-7.81
128,antibody,HER2,model.antibody.allatom,-2940.400390625,-7.8
129,antibody,HER2,model.antibody.allatom,-3041.2900390625,-7.8
130,antibody,HER2,model.antibody.allatom,-2739.33251953125,-7.8
131,antibody,HER2,model.antibody.allatom,-2963.2763671875,-7.8
132,antibody,HER2,model.antibody.allatom,-2862.569091796875,-7.8
133,antibody,HER2,model.antibody.allatom,-2881.52197265625,-7.8
134,antibody,HER2,model.antibody.allatom,-2801.3330078125,-7.79
135,antibody,HER2,model.antibody.allatom,-2776.35888671875,-7.78
136,antibody,HER2,model.antibody.allatom,-3180.39599609375,-7.78
137,antibody,HER2,model.antibody.allatom,-2852.90966796875,-7.77
138,antibody,HER2,model.antibody.allatom,-2496.93017578125,-7.76
139,antibody,HER2,model.antibody.allatom,-2798.204345703125,-7.76
140,antibody,HER2,model.antibody.allatom,-2868.93701171875,-7.76
141,antibody,HER2,model.antibody.allatom,-2199.224609375,-7.75
142,antibody,HER2,model.antibody.allatom,-2922.559326171875,-7.75
143,antibody,HER2,model.antibody.allatom,-2765.458984375,-7.75
144,antibody,HER2,model.antibody.allatom,-3173.0263671875,-7.73
145,antibody,HER2,model.antibody.allatom,-2667.1083984375,-7.73
146,antibody,HER2,model.antibody.allatom,-2614.893310546875,-7.73
147,antibody,HER2,model.antibody.allatom,-2694.18994140625,-7.72
148,antibody,HER2,model.antibody.allatom,-2840.56103515625,-7.72
149,antibody,HER2,model.antibody.allatom,-2943.3525390625,-7.72
150,antibody,HER2,model.antibody.allatom,-2731.513916015625,-7.72
151,antibody,HER2,model.antibody.allatom,-2745.623779296875,-7.71
152,antibody,HER2,model.antibody.allatom,-3047.79248046875,-7.71
153,antibody,HER2,model.antibody.allatom,-2828.79345703125,-7.71
154,antibody,HER2,model.antibody.allatom,-2696.6416015625,-7.71
155,antibody,HER2,model.antibody.allatom,-3142.0263671875,-7.71
156,antibody,HER2,model.antibody.allatom,-2887.16748046875,-7.7
157,antibody,HER2,model.antibody.allatom,-2743.7783203125,-7.7
158,antibody,HER2,model.antibody.allatom,-2918.2021484375,-7.7
159,antibody,HER2,model.antibody.allatom,-3070.84521484375,-7.7
160,antibody,HER2,model.antibody.allatom,-2698.370849609375,-7.69
161,antibody,HER2,model.antibody.allatom,-2842.71142578125,-7.69
162,antibody,HER2,model.antibody.allatom,-2868.429443359375,-7.69
163,antibody,HER2,model.antibody.allatom,-2974.39013671875,-7.68
164,antibody,HER2,model.antibody.allatom,-2765.17431640625,-7.66
165,antibody,HER2,model.antibody.allatom,-2830.738525390625,-7.66
166,antibody,HER2,model.antibody.allatom,-2888.8818359375,-7.66
167,antibody,HER2,model.antibody.allatom,-2812.611328125,-7.66
168,antibody,HER2,model.antibody.allatom,-2738.952880859375,-7.65
169,antibody,HER2,model.antibody.allatom,-2553.0439453125,-7.65
170,antibody,HER2,model.antibody.allatom,-2579.2890625,-7.65
171,antibody,HER2,model.antibody.allatom,-2120.09423828125,-7.65
172,antibody,HER2,model.antibody.allatom,-2911.470458984375,-7.65
173,antibody,HER2,model.antibody.allatom,-2813.555419921875,-7.65
174,antibody,HER2,model.antibody.allatom,-3149.310302734375,-7.64
175,antibody,HER2,model.antibody.allatom,-2474.280517578125,-7.64
176,antibody,HER2,model.antibody.allatom,-2969.14404296875,-7.64
177,antibody,HER2,model.antibody.allatom,-2930.996337890625,-7.64
178,antibody,HER2,model.antibody.allatom,-2542.1513671875,-7.64
179,antibody,HER2,model.antibody.allatom,-2843.87548828125,-7.63
180,antibody,HER2,model.antibody.allatom,-2710.389892578125,-7.63
181,antibody,HER2,model.antibody.allatom,-2745.216552734375,-7.63
182,antibody,HER2,model.antibody.allatom,-2649.05029296875,-7.63
183,antibody,HER2,model.antibody.allatom,-2851.8671875,-7.63
184,antibody,HER2,model.antibody.allatom,-2929.62646484375,-7.63
185,antibody,HER2,model.antibody.allatom,-2825.571533203125,-7.62
186,antibody,HER2,model.antibody.allatom,-2648.157958984375,-7.62
187,antibody,HER2,model.antibody.allatom,-2843.821044921875,-7.62
188,antibody,HER2,model.antibody.allatom,-3057.455078125,-7.6
189,antibody,HER2,model.antibody.allatom,-2668.09814453125,-7.6
190,antibody,HER2,model.antibody.allatom,-2891.99658203125,-7.6
191,antibody,HER2,model.antibody.allatom,-2842.997802734375,-7.59
192,antibody,HER2,model.antibody.allatom,-2552.9306640625,-7.58
193,antibody,HER2,model.antibody.allatom,-2930.06298828125,-7.58
194,antibody,HER2,model.antibody.allatom,-3145.421630859375,-7.57
195,antibody,HER2,model.antibody.allatom,-2827.11279296875,-7.57
196,antibody,HER2,model.antibody.allatom,-2228.265625,-7.57
197,antibody,HER2,model.antibody.allatom,-2339.73876953125,-7.57
198,antibody,HER2,model.antibody.allatom,-2747.240234375,-7.57
199,antibody,HER2,model.antibody.allatom,-2483.8447265625,-7.57
200,antibody,HER2,model.antibody.allatom,-2943.022705078125,-7.57
201,antibody,HER2,model.antibody.allatom,-2732.9599609375,-7.56
202,antibody,HER2,model.antibody.allatom,-2527.9169921875,-7.56
203,antibody,HER2,model.antibody.allatom,-3083.882080078125,-7.55
204,antibody,HER2,model.antibody.allatom,-2817.26806640625,-7.55
205,antibody,HER2,model.antibody.allatom,-2554.792236328125,-7.55
206,antibody,HER2,model.antibody.allatom,-2965.176025390625,-7.55
207,antibody,HER2,model.antibody.allatom,-2748.901611328125,-7.54
208,antibody,HER2,model.antibody.allatom,-2888.669677734375,-7.53
209,antibody,HER2,model.antibody.allatom,-3248.28564453125,-7.53
210,antibody,HER2,model.antibody.allatom,-2806.975341796875,-7.53
211,antibody,HER2,model.antibody.allatom,-3098.58935546875,-7.52
212,antibody,HER2,model.antibody.allatom,-3099.98876953125,-7.52
213,antibody,HER2,model.antibody.allatom,-3009.2490234375,-7.51
214,antibody,HER2,model.antibody.allatom,-2992.98779296875,-7.51
215,antibody,HER2,model.antibody.allatom,-2877.89453125,-7.51
216,antibody,HER2,model.antibody.allatom,-2921.538818359375,-7.5
217,antibody,HER2,model.antibody.allatom,-2635.11669921875,-7.49
218,antibody,HER2,model.antibody.allatom,-2534.1103515625,-7.49
219,antibody,HER2,model.antibody.allatom,-2914.6533203125,-7.48
220,antibody,HER2,model.antibody.allatom,-2972.60791015625,-7.48
221,antibody,HER2,model.antibody.allatom,-2809.7724609375,-7.48
222,antibody,HER2,model.antibody.allatom,-2997.025146484375,-7.48
223,antibody,HER2,model.antibody.allatom,-3072.9921875,-7.47
224,antibody,HER2,model.antibody.allatom,-3052.8037109375,-7.47
225,antibody,HER2,model.antibody.allatom,-2892.779296875,-7.47
226,antibody,HER2,model.antibody.allatom,-2409.54931640625,-7.47
227,antibody,HER2,model.antibody.allatom,-2696.43798828125,-7.46
228,antibody,HER2,model.antibody.allatom,-2601.47021484375,-7.46
229,antibody,HER2,model.antibody.allatom,-2751.421875,-7.45
230,antibody,HER2,model.antibody.allatom,-2914.5224609375,-7.45
231,antibody,HER2,model.antibody.allatom,-2789.543701171875,-7.45
232,antibody,HER2,model.antibody.allatom,-2856.95458984375,-7.44
233,antibody,HER2,model.antibody.allatom,-2693.017822265625,-7.44
234,antibody,HER2,model.antibody.allatom,-2558.977783203125,-7.44
235,antibody,HER2,model.antibody.allatom,-3041.333984375,-7.44
236,antibody,HER2,model.antibody.allatom,-2313.99267578125,-7.44
237,antibody,HER2,model.antibody.allatom,-2878.352783203125,-7.43
238,antibody,HER2,model.antibody.allatom,-2607.02783203125,-7.42
239,antibody,HER2,model.antibody.allatom,-2767.091552734375,-7.42
240,antibody,HER2,model.antibody.allatom,-2755.30078125,-7.42
241,antibody,HER2,model.antibody.allatom,-2988.06884765625,-7.42
242,antibody,HER2,model.antibody.allatom,-2727.212890625,-7.42
243,antibody,HER2,model.antibody.allatom,-2902.21484375,-7.42
244,antibody,HER2,model.antibody.allatom,-3090.32568359375,-7.41
245,antibody,HER2,model.antibody.allatom,-2791.94970703125,-7.4
246,antibody,HER2,model.antibody.allatom,-2491.1611328125,-7.4
247,antibody,HER2,model.antibody.allatom,-2638.818115234375,-7.4
248,antibody,HER2,model.antibody.allatom,-2901.8671875,-7.4
249,antibody,HER2,model.antibody.allatom,-2961.757080078125,-7.4
250,antibody,HER2,model.antibody.allatom,-2812.6826171875,-7.4
251,antibody,HER2,model.antibody.allatom,-2992.113037109375,-7.39
252,antibody,HER2,model.antibody.allatom,-2943.031494140625,-7.38
253,antibody,HER2,model.antibody.allatom,-2139.039306640625,-7.38
254,antibody,HER2,model.antibody.allatom,-2935.404541015625,-7.38
255,antibody,HER2,model.antibody.allatom,-2770.4599609375,-7.38
256,antibody,HER2,model.antibody.allatom,-2937.253173828125,-7.38
257,antibody,HER2,model.antibody.allatom,-2794.08251953125,-7.37
258,antibody,HER2,model.antibody.allatom,-2737.5546875,-7.37
259,antibody,HER2,model.antibody.allatom,-2825.83154296875,-7.37
260,antibody,HER2,model.antibody.allatom,-2678.8525390625,-7.37
261,antibody,HER2,model.antibody.allatom,-3121.6875,-7.37
262,antibody,HER2,model.antibody.allatom,-2573.77783203125,-7.37
263,antibody,HER2,model.antibody.allatom,-2904.556884765625,-7.37
264,antibody,HER2,model.antibody.allatom,-2414.18896484375,-7.37
265,antibody,HER2,model.antibody.allatom,-2643.740478515625,-7.36
266,antibody,HER2,model.antibody.allatom,-2720.73388671875,-7.35
267,antibody,HER2,model.antibody.allatom,-2608.5595703125,-7.35
268,antibody,HER2,model.antibody.allatom,-3031.526611328125,-7.34
269,antibody,HER2,model.antibody.allatom,-2760.53564453125,-7.34
270,antibody,HER2,model.antibody.allatom,-2926.287109375,-7.33
271,antibody,HER2,model.antibody.allatom,-2869.1123046875,-7.32
272,antibody,HER2,model.antibody.allatom,-2943.579833984375,-7.31
273,antibody,HER2,model.antibody.allatom,-2174.73681640625,-7.31
274,antibody,HER2,model.antibody.allatom,-2958.712158203125,-7.31
275,antibody,HER2,model.antibody.allatom,-2686.51611328125,-7.3
276,antibody,HER2,model.antibody.allatom,-3082.516357421875,-7.3
277,antibody,HER2,model.antibody.allatom,-2130.638671875,-7.3
278,antibody,HER2,model.antibody.allatom,-2811.49560546875,-7.3
279,antibody,HER2,model.antibody.allatom,-2813.70361328125,-7.29
280,antibody,HER2,model.antibody.allatom,-2867.6767578125,-7.29
281,antibody,HER2,model.antibody.allatom,-3195.845703125,-7.29
282,antibody,HER2,model.antibody.allatom,-2619.747802734375,-7.29
283,antibody,HER2,model.antibody.allatom,-2874.29638671875,-7.29
284,antibody,HER2,model.antibody.allatom,-2652.76904296875,-7.28
285,antibody,HER2,model.antibody.allatom,-2602.435791015625,-7.27
286,antibody,HER2,model.antibody.allatom,-2544.050048828125,-7.27
287,antibody,HER2,model.antibody.allatom,-2935.2109375,-7.27
288,antibody,HER2,model.antibody.allatom,-2764.079833984375,-7.26
289,antibody,HER2,model.antibody.allatom,-2873.803955078125,-7.25
290,antibody,HER2,model.antibody.allatom,-2873.17236328125,-7.25
291,antibody,HER2,model.antibody.allatom,-2740.703125,-7.24
292,antibody,HER2,model.antibody.allatom,-2946.274658203125,-7.23
293,antibody,HER2,model.antibody.allatom,-2907.586669921875,-7.23
294,antibody,HER2,model.antibody.allatom,-2773.83935546875,-7.22
295,antibody,HER2,model.antibody.allatom,-2906.83740234375,-7.22
296,antibody,HER2,model.antibody.allatom,-2715.1162109375,-7.22
297,antibody,HER2,model.antibody.allatom,-2581.317626953125,-7.22
298,antibody,HER2,model.antibody.allatom,-2683.657958984375,-7.22
299,antibody,HER2,model.antibody.allatom,-2767.65478515625,-7.21
300,antibody,HER2,model.antibody.allatom,-2473.690185546875,-7.21
301,antibody,HER2,model.antibody.allatom,-2860.34814453125,-7.2
302,antibody,HER2,model.antibody.allatom,-2602.3173828125,-7.19
303,antibody,HER2,model.antibody.allatom,-2601.9365234375,-7.18
304,antibody,HER2,model.antibody.allatom,-3115.8330078125,-7.18
305,antibody,HER2,model.antibody.allatom,-2144.873046875,-7.17
306,antibody,HER2,model.antibody.allatom,-2659.8212890625,-7.17
307,antibody,HER2,model.antibody.allatom,-2890.8115234375,-7.17
308,antibody,HER2,model.antibody.allatom,-2772.171630859375,-7.15
309,antibody,HER2,model.antibody.allatom,-2627.16455078125,-7.15
310,antibody,HER2,model.antibody.allatom,-2717.748779296875,-7.15
311,antibody,HER2,model.antibody.allatom,-2927.699951171875,-7.14
312,antibody,HER2,model.antibody.allatom,-2870.084716796875,-7.14
313,antibody,HER2,model.antibody.allatom,-2970.216796875,-7.13
314,antibody,HER2,model.antibody.allatom,-2323.8232421875,-7.13
315,antibody,HER2,model.antibody.allatom,-2799.903076171875,-7.12
316,antibody,HER2,model.antibody.allatom,-2746.39306640625,-7.11
317,antibody,HER2,model.antibody.allatom,-3212.064208984375,-7.11
318,antibody,HER2,model.antibody.allatom,-2883.26611328125,-7.11
319,antibody,HER2,model.antibody.allatom,-2102.295166015625,-7.1
320,antibody,HER2,model.antibody.allatom,-2939.559814453125,-7.1
321,antibody,HER2,model.antibody.allatom,-2759.79150390625,-7.08
322,antibody,HER2,model.antibody.allatom,-2375.096435546875,-7.08
323,antibody,HER2,model.antibody.allatom,-2806.40625,-7.08
324,antibody,HER2,model.antibody.allatom,-2822.163330078125,-7.07
325,antibody,HER2,model.antibody.allatom,-2698.2177734375,-7.06
326,antibody,HER2,model.antibody.allatom,-2877.264892578125,-7.05
327,antibody,HER2,model.antibody.allatom,-2900.4130859375,-7.05
328,antibody,HER2,model.antibody.allatom,-3025.258056640625,-7.05
329,antibody,HER2,model.antibody.allatom,-2566.785888671875,-7.03
330,antibody,HER2,model.antibody.allatom,-2030.44775390625,-7.02
331,antibody,HER2,model.antibody.allatom,-3047.6982421875,-7.02
332,antibody,HER2,model.antibody.allatom,-2952.622314453125,-7.02
333,antibody,HER2,model.antibody.allatom,-2817.170166015625,-7.01
334,antibody,HER2,model.antibody.allatom,-3041.5205078125,-7.01
335,antibody,HER2,model.antibody.allatom,-2607.216064453125,-7.01
336,antibody,HER2,model.antibody.allatom,-3150.019775390625,-7.0
337,antibody,HER2,model.antibody.allatom,-2327.9052734375,-6.99
338,antibody,HER2,model.antibody.allatom,-2834.747802734375,-6.99
339,antibody,HER2,model.antibody.allatom,-2764.473876953125,-6.99
340,antibody,HER2,model.antibody.allatom,-2834.54150390625,-6.98
341,antibody,HER2,model.antibody.allatom,-2850.69970703125,-6.97
342,antibody,HER2,model.antibody.allatom,-2133.695068359375,-6.96
343,antibody,HER2,model.antibody.allatom,-3032.55712890625,-6.95
344,antibody,HER2,model.antibody.allatom,-2770.95263671875,-6.95
345,antibody,HER2,model.antibody.allatom,-2797.871337890625,-6.95
346,antibody,HER2,model.antibody.allatom,-2856.263916015625,-6.94
347,antibody,HER2,model.antibody.allatom,-3239.50244140625,-6.94
348,antibody,HER2,model.antibody.allatom,-2633.80615234375,-6.94
349,antibody,HER2,model.antibody.allatom,-3041.08056640625,-6.94
350,antibody,HER2,model.antibody.allatom,-2814.34130859375,-6.93
351,antibody,HER2,model.antibody.allatom,-3194.39013671875,-6.93
352,antibody,HER2,model.antibody.allatom,-2518.068603515625,-6.92
353,antibody,HER2,model.antibody.allatom,-2865.25634765625,-6.92
354,antibody,HER2,model.antibody.allatom,-2766.615478515625,-6.92
355,antibody,HER2,model.antibody.allatom,-2745.49853515625,-6.9
356,antibody,HER2,model.antibody.allatom,-2698.31201171875,-6.9
357,antibody,HER2,model.antibody.allatom,-2735.814697265625,-6.89
358,antibody,HER2,model.antibody.allatom,-2707.6376953125,-6.88
359,antibody,HER2,model.antibody.allatom,-2903.9169921875,-6.88
360,antibody,HER2,model.antibody.allatom,-2621.671875,-6.88
361,antibody,HER2,model.antibody.allatom,-2761.658935546875,-6.87
362,antibody,HER2,model.antibody.allatom,-2635.718994140625,-6.87
363,antibody,HER2,model.antibody.allatom,-2950.1376953125,-6.87
364,antibody,HER2,model.antibody.allatom,-2949.321044921875,-6.87
365,antibody,HER2,model.antibody.allatom,-3096.7763671875,-6.85
366,antibody,HER2,model.antibody.allatom,-3192.412109375,-6.83
367,antibody,HER2,model.antibody.allatom,-2743.44384765625,-6.83
368,antibody,HER2,model.antibody.allatom,-2586.87451171875,-6.83
369,antibody,HER2,model.antibody.allatom,-2078.64306640625,-6.82
370,antibody,HER2,model.antibody.allatom,-2750.750244140625,-6.81
371,antibody,HER2,model.antibody.allatom,-2757.533935546875,-6.81
372,antibody,HER2,model.antibody.allatom,-2864.265869140625,-6.81
373,antibody,HER2,model.antibody.allatom,-2223.543701171875,-6.79
374,antibody,HER2,model.antibody.allatom,-2800.953857421875,-6.78
375,antibody,HER2,model.antibody.allatom,-2730.16357421875,-6.77
376,antibody,HER2,model.antibody.allatom,-2856.758056640625,-6.77
377,antibody,HER2,model.antibody.allatom,-2996.921875,-6.77
378,antibody,HER2,model.antibody.allatom,-2840.06884765625,-6.75
379,antibody,HER2,model.antibody.allatom,-2886.66748046875,-6.75
380,antibody,HER2,model.antibody.allatom,-2387.732177734375,-6.74
381,antibody,HER2,model.antibody.allatom,-2894.169189453125,-6.73
382,antibody,HER2,model.antibody.allatom,-2878.191650390625,-6.72
383,antibody,HER2,model.antibody.allatom,-2861.938232421875,-6.72
384,antibody,HER2,model.antibody.allatom,-2049.286865234375,-6.7
385,antibody,HER2,model.antibody.allatom,-2803.234375,-6.7
386,antibody,HER2,model.antibody.allatom,-2629.994873046875,-6.69
387,antibody,HER2,model.antibody.allatom,-2566.06103515625,-6.68
388,antibody,HER2,model.antibody.allatom,-2595.571533203125,-6.68
389,antibody,HER2,model.antibody.allatom,-2829.37158203125,-6.66
390,antibody,HER2,model.antibody.allatom,-2263.017333984375,-6.66
391,antibody,HER2,model.antibody.allatom,-2703.611083984375,-6.65
392,antibody,HER2,model.antibody.allatom,-2704.086669921875,-6.65
393,antibody,HER2,model.antibody.allatom,-2852.252197265625,-6.64
394,antibody,HER2,model.antibody.allatom,-2504.87646484375,-6.64
395,antibody,HER2,model.antibody.allatom,-2747.39306640625,-6.63
396,antibody,HER2,model.antibody.allatom,-2380.8544921875,-6.61
397,antibody,HER2,model.antibody.allatom,-2827.392333984375,-6.59
398,antibody,HER2,model.antibody.allatom,-2438.75341796875,-6.58
399,antibody,HER2,model.antibody.allatom,-2159.11181640625,-6.56
400,antibody,HER2,model.antibody.allatom,-2642.9521484375,-6.56
401,antibody,HER2,model.antibody.allatom,-2966.908447265625,-6.56
402,antibody,HER2,model.antibody.allatom,-2832.511474609375,-6.52
403,antibody,HER2,model.antibody.allatom,-2563.7373046875,-6.5
404,antibody,HER2,model.antibody.allatom,-2656.96142578125,-6.49
405,antibody,HER2,model.antibody.allatom,-3041.98193359375,-6.49
406,antibody,HER2,model.antibody.allatom,-2038.914306640625,-6.49
407,antibody,HER2,model.antibody.allatom,-2694.29931640625,-6.48
408,antibody,HER2,model.antibody.allatom,-2158.25146484375,-6.47
409,antibody,HER2,model.antibody.allatom,-2565.76708984375,-6.45
410,antibody,HER2,model.antibody.allatom,-2830.485107421875,-6.44
411,antibody,HER2,model.antibody.allatom,-2587.129150390625,-6.43
412,antibody,HER2,model.antibody.allatom,-2722.72705078125,-6.36
413,antibody,HER2,model.antibody.allatom,-2678.93994140625,-6.36
414,antibody,HER2,model.antibody.allatom,-2358.715576171875,-6.35
415,antibody,HER2,model.antibody.allatom,-3077.28564453125,-6.33
416,antibody,HER2,model.antibody.allatom,-2774.974853515625,-6.3
417,antibody,HER2,model.antibody.allatom,-2261.890869140625,-6.26
418,antibody,HER2,model.antibody.allatom,-2798.54248046875,-6.24
419,antibody,HER2,model.antibody.allatom,-2705.665771484375,-6.24
420,antibody,HER2,model.antibody.allatom,-2431.44140625,-6.2
421,antibody,HER2,model.antibody.allatom,-2875.62158203125,-5.84
